<?xml version="1.0" encoding="UTF-8"?>
<project-private xmlns="http://www.netbeans.org/ns/project-private/1">
    <editor-bookmarks xmlns="http://www.netbeans.org/ns/editor-bookmarks/2" lastBookmarkId="0"/>
    <open-files xmlns="http://www.netbeans.org/ns/projectui-open-files/2">
        <group>
            <file>file:/F:/ACP134/Documents/NetBeansProjects/Exp3/src/exp3_2/Exp3_2.java</file>
            <file>file:/F:/ACP134/Documents/NetBeansProjects/Exp3/src/exp3_4/MainFrame.java</file>
            <file>file:/F:/ACP134/Documents/NetBeansProjects/Exp3/src/exp3_1/Exp3_1.java</file>
            <file>file:/F:/ACP134/Documents/NetBeansProjects/Exp3/src/exp3_3/SafeCopy.java</file>
            <file>file:/F:/ACP134/Documents/NetBeansProjects/Exp3/src/exp3_4/FileEdit.java</file>
        </group>
    </open-files>
</project-private>
