<?xml version="1.0" encoding="UTF-8"?>
<project-private xmlns="http://www.netbeans.org/ns/project-private/1">
    <editor-bookmarks xmlns="http://www.netbeans.org/ns/editor-bookmarks/2" lastBookmarkId="0"/>
    <open-files xmlns="http://www.netbeans.org/ns/projectui-open-files/2">
        <group>
            <file>file:/F:/ACP134/Documents/NetBeansProjects/Exp4/src/exp4_1/MoveButton.java</file>
            <file>file:/F:/ACP134/Documents/NetBeansProjects/Exp4/src/exp4_3/exp4_3.java</file>
            <file>file:/F:/ACP134/Documents/NetBeansProjects/Exp4/src/exp4_4/Date2.java</file>
            <file>file:/F:/ACP134/Documents/NetBeansProjects/Exp4/src/exp4_3/FindPrime.java</file>
            <file>file:/F:/ACP134/Documents/NetBeansProjects/Exp4/src/exp4_2/exp4_2.java</file>
            <file>file:/F:/ACP134/Documents/NetBeansProjects/Exp4/src/exp4_1/Exp4_1.java</file>
        </group>
    </open-files>
</project-private>
